Timestamp,User Count,Type,Name,Requests/s,Failures/s,50%,66%,75%,80%,90%,95%,98%,99%,99.9%,99.99%,100%,Total Request Count,Total Failure Count,Total Median Response Time,Total Average Response Time,Total Min Response Time,Total Max Response Time,Total Average Content Size
1791018641,0,,Aggregated,0.000000,0.000000,N/A,N/A,N/A,N/A,N/A,N/A,N/A,N/A,N/A,N/A,N/A,0,0,0,0.0,0,0,0
1791018642,2,,Aggregated,0.000000,0.000000,10,12,12,14,21,21,21,21,21,21,21,9,0,10,11.749833327485248,8.778799994615838,20.832399983191863,10979.0
1791018643,6,,Aggregated,0.000000,0.000000,8,9,11,12,12,14,21,21,21,21,21,24,0,8,9.3201208304284,4.688399989390746,20.832399983191863,11320.5
1791018644,8,,Aggregated,6.000000,0.000000,9,10,12,12,15,16,21,21,21,21,21,47,0,9,9.874244680643042,4.688399989390746,20.832399983191863,11560.27659574468
1791018645,10,,Aggregated,9.000000,0.000000,9,10,11,12,14,16,19,21,21,21,21,78,0,9,9.462185897670375,4.688399989390746,20.832399983191863,11714.538461538461
1791018646,10,,Aggregated,12.666667,0.000000,9,10,11,12,14,15,16,19,21,21,21,113,0,9,9.534745133817772,4.688399989390746,20.832399983191863,11801.017699115044
1791018647,10,,Aggregated,15.750000,0.000000,9,10,11,12,14,15,16,19,21,21,21,146,0,9,9.550075343537323,4.688399989390746,20.832399983191863,11923.972602739726
1791018648,10,,Aggregated,19.400000,0.000000,9,10,11,12,14,15,16,19,21,21,21,176,0,9,9.551142046389446,4.688399989390746,20.832399983191863,11995.738636363636
1791018649,10,,Aggregated,21.833333,0.000000,9,10,11,12,14,15,16,20,21,21,21,206,0,9,9.489175243200327,4.688399989390746,21.015499980421737,12046.601941747573
1791018650,10,,Aggregated,23.000000,0.000000,9,10,11,12,14,15,18,20,21,21,21,237,0,9,9.583813080221281,4.688399989390746,21.015499980421737,12085.632911392406
1791018651,10,,Aggregated,23.625000,0.000000,9,10,11,12,14,16,18,20,21,21,21,270,0,9,9.692094444094606,4.688399989390746,21.015499980421737,12117.333333333334
1791018652,10,,Aggregated,24.777778,0.000000,9,10,11,12,14,16,20,25,28,28,28,301,0,9,9.824151494633098,4.688399989390746,28.142600000137463,12140.78073089701
1791018653,10,,Aggregated,25.700000,0.000000,9,10,11,12,14,16,20,25,28,28,28,334,0,9,9.849449400762152,4.688399989390746,28.142600000137463,12160.958083832335
1791018654,10,,Aggregated,27.700000,0.000000,9,10,12,12,14,16,20,25,28,28,28,363,0,9,9.873203029977953,4.688399989390746,28.142600000137463,12175.661157024793
1791018655,10,,Aggregated,29.800000,0.000000,9,10,12,12,14,16,20,25,28,28,28,396,0,9,9.86612802984327,4.688399989390746,28.142600000137463,12189.772727272728
1791018656,10,,Aggregated,30.600000,0.000000,9,10,12,12,14,16,20,21,28,28,28,431,0,9,9.890951043893766,4.688399989390746,28.142600000137463,12202.37819025522
1791018657,10,,Aggregated,31.300000,0.000000,9,10,12,12,14,16,20,22,28,28,28,461,0,9,9.848626897861745,4.688399989390746,28.142600000137463,12211.659436008676
1791018658,10,,Aggregated,31.600000,0.000000,9,10,12,13,15,17,20,22,28,28,28,492,0,9,10.025564227354943,4.688399989390746,28.142600000137463,12220.060975609756
1791018659,10,,Aggregated,31.500000,0.000000,9,11,12,13,15,17,21,25,29,29,29,523,0,9,10.236271319044558,4.688399989390746,29.25110000069253,12227.466539196941
1791018660,10,,Aggregated,31.600000,0.000000,9,10,12,13,15,17,21,25,29,29,29,556,0,9,10.136322301863558,4.688399989390746,29.25110000069253,12234.442446043166
