Type,Name,Request Count,Failure Count,Median Response Time,Average Response Time,Min Response Time,Max Response Time,Average Content Size,Requests/s,Failures/s,50%,66%,75%,80%,90%,95%,98%,99%,99.9%,99.99%,100%
GET,/tasks [bootstrap],1,0,65.65039994893596,65.65039994893596,65.65039994893596,65.65039994893596,4952.0,0.09185975473208254,0.0,66,66,66,66,66,66,66,66,66,66,66
GET,/tasks/stats,2,0,25.84039996145293,18.452299962518737,11.064199963584542,25.84039996145293,213.0,0.18371950946416507,0.0,26,26,26,26,26,26,26,26,26,26,26
GET,/tasks/{id},2,0,11,9.330850007245317,7.489599986001849,11.172100028488785,245.0,0.18371950946416507,0.0,11,11,11,11,11,11,11,11,11,11,11
GET,/tasks/{id}/comments,2,0,14,11.901349993422627,9.363999997731298,14.438699989113957,106.0,0.18371950946416507,0.0,14,14,14,14,14,14,14,14,14,14,14
GET,/tasks?limit=200,4,0,13,13.742249997449107,12.99369998741895,15.702500008046627,4953.0,0.36743901892833014,0.0,13,13,16,16,16,16,16,16,16,16,16
GET,/tasks?limit=50,8,0,15,13.921062505687587,9.7061000415124,16.163399966899306,4952.0,0.7348780378566603,0.0,15,16,16,16,16,16,16,16,16,16,16
GET,/tasks?priority=<value>,1,0,12.63650000328198,12.63650000328198,12.63650000328198,12.63650000328198,1506.0,0.09185975473208254,0.0,13,13,13,13,13,13,13,13,13,13,13
GET,/tasks?q=<term>,8,0,13,14.004150019900408,8.93110001925379,30.04410001449287,811.0,0.7348780378566603,0.0,13,14,14,14,30,30,30,30,30,30,30
GET,/tasks?status=&priority=,3,0,16,16.91226667026058,13.876300014089793,20.423199981451035,520.0,0.2755792641962476,0.0,16,16,20,20,20,20,20,20,20,20,20
GET,/tasks?status=<value>,6,0,15,13.773116671169797,10.311599995475262,16.084900009445846,1739.0,0.5511585283924952,0.0,15,15,15,15,16,16,16,16,16,16,16
,Aggregated,37,0,14,15.389245948943033,7.489599986001849,65.65039994893596,2310.7027027027025,3.398810925087054,0.0,14,15,16,16,20,30,66,66,66,66,66
